sku, fabric, price, width
49262, LUSTRELL CHARISMA, 59.95, 1370mm
49263, BEACHCOMBER, 49.95, 1400mm
49264, KEYLARGO, 49.95, 1400mm
49265, EASTWOOD, 49.95, 1400mm
49266, GALAXY, 39.95, 1380mm
49267, FLETCHER, 39.95, 1430mm
49268, BODHI, 49.95, 1450mm
49269, PLUSH, 49.95, 1400mm
49270, MAZZA, 39.95, 1450mm
49271, LOMANI, 69.95, 1500mm
49349, GLOBE, 39.95, 1450mm
49350, GYRO, 39.95, 1380mm
49358, ASHANTI, 69.95, 1450mm
49359, AVOCA, 69.95, 1400mm
49360, DAINTREE, 79.95, 1400mm
49361, LUSTRELL ADMIRAL, 59.95, 1370mm
49362, LUSTRELL COMMODORE, 59.95, 1370mm
49363, MALINDI, 79.95, 1400mm
49364, MALLACOOTA, 69.95, 1400mm
49365, MAURITIUS, 79.95, 1400mm
49366, MERIMBULA, 69.95, 1400mm
49367, MYKONOS, 69.95, 1500mm
49368, NOOSA, 69.95, 1400mm
49369, TULUM, 69.95, 1400mm
49663, LOVELY, 59.95, 1400mm
49664, CARRICK, 49.95, 1400mm
49665, CRUZE, 49.95, 1450mm
49666, ELTON, 59.95, 1400mm
49667, FOSTER, 39.95, 1450mm
49668, TULUM OUTDOOR, 69.95, 1400mm
49669, COOLUM OUTDOOR, 69.95, 1400mm
49670, KUATA OUTDOOR, 109, 1400mm
49671, RIKA, 59.95, 1400mm
49672, OKADA, 59.95, 1400mm
49673, AUDREY, 59.95, 1450mm
49674, KALAHARI, 69.95, 1420mm
49675, AVESTA, 79.95, 1420mm
49684, PULSAR, 39.95, 1420mm
49685, GRAVITY, 39.95, 1400mm
49686, BENDIGO, 49.95, 1370mm
49687, LINGER, 49.95, 1400mm
49688, LEISURE, 49.95, 1400mm
49689, JAZZ, 49.95, 1450mm
49690, HUSH, 49.95, 1400mm
49691, VESPA, 49.95, 1450mm
49692, JACK, 39.95, 1400mm
49693, KONA, 69.95, 1400mm
49743, MANISA, 39.95, 1450mm
49755, MACROSOFT, 89.95, 1500mm
49808, DOLLY, 49.95, 1420mm
49809, OSLO, 49.95, 1430mm
49854, CLEO, 79.95, 1400mm
49873, BAXTER, 49.95, 1400mm
49882, YASAWA, 79.95, 1400mm
49883, MATACAWA, 79.95, 1400mm
49884, NANUYA, 79.95, 1400mm
49885, ABBAS, 79.95, 1400mm
49886, ABBOTSFORD, 59.95, 1370mm
49887, ACAPULCO, 89.95, 1400mm
49888, ADA, 59.95, 1450mm
49889, ADELAIDE, 59.95, 1370mm
49890, ADENA, 49.95, 1380mm
49891, ADITI, 89.95, 1380mm
49892, ADLER, 49.95, 3200mm
49893, ADORE, 59.95, 1420mm
49894, AIRLIE, 59.95, 1370mm
49895, AKAKA, 59.95, 1370mm
49896, ALANIS, 89.95, 1400mm
49897, ALLEGRA, 39.95, 1450mm
49898, ALLENDALE, 59.95, 1370mm
49899, ALONZO, 89.95, 1400mm
49900, ALPINE, 79.95, 1400mm
49901, ALTITUDE, 39.95, 1400mm
49902, ALTO, 49.95, 1420mm
49903, ALVA, 59.95, 1380mm
49904, AMARA, 69.95, 1450mm
49905, AMAZONIA, 79.95, 1400mm
49906, AMBIENCE, 39.95, 1400mm
49907, AMBROSIA, 79.95, 1370mm
49908, AMBY, 59.95, 1380mm
49909, AMELIA, 69.95, 1390mm
49910, ANDREAS, 79.95, 1400mm
49911, ANJALI, 89.95, 1380mm
49912, ANTILA, 49.95, 1400mm
49913, ANTONIA, 49.95, 1380mm
49914, ANYA, 89.95, 1450mm
49915, ARDO, 49.95, 1400mm
49916, ARIES, 79.95, 1450mm
49917, ARLINGTON, 89.95, 1400mm
49918, ARYANA, 89.95, 1420mm
49919, ASHBY, 59.95, 1370mm
49920, ASHCROFT-ENCORE, 59.95, 1440mm
49921, ASHWICK, 79.95, 1400mm
49922, ASON, 89.95, 1410mm
49923, ASPIRE, 49.95, 1400mm
49924, ASTOR, 59.95, 1370mm
49925, ATLANTA, 69.95, 1370mm
49926, ATOMIC, 69.95, 2960mm
49927, AURORA, 59.95, 1360mm
49928, AYANA, 49.95, 1400mm
49929, AYLESBURY, 59.95, 1370mm
49930, BAJA, 79.95, 1370mm
49931, BAKER, 79.95, 1400mm
49932, BANGLA, 89.95, 1410mm
49933, BARBADOS, 79.95, 1400mm
49934, BARON, 89.95, 1370mm
49935, BAROSA, 39.95, 1380mm
49936, BATISTE, 39.95, 1450mm
49937, BATTERSEA, 69.95, 1450mm
49938, BEATRIX, 89.95, 1400mm
49939, BEDONIA, 39.95, 3200mm
49940, BELLARY, 79.95, 1370mm
49941, BELLPORT, 79.95, 1400mm
49942, BELLS-BEACH, 69.95, 1400mm
49943, BELMORE, 69.95, 3000mm
49944, BERGE, 59.95, 1380mm
49945, BERLIN, 39.95, 1400mm
49946, BERMUDA, 69.95, 3200mm
49947, BESSIE, 79.95, 1400mm
49948, BETSY, 79.95, 1370mm
49949, BIANCA, 79.95, 1400mm
49950, BIKE-RIDE, 79.95, 1370mm
49951, BIRDSONG, 79.95, 1370mm
49952, BLAZE, 49.95, 1400mm
49953, BLOOMS, 79.95, 1370mm
49954, BLOOMSBURY, 89.95, 1370mm
49955, BOLTON, 59.95, 1500mm
49956, BONDI, 69.95, 1400mm
49957, BOOTLEG, 69.95, 1350mm
49958, BOUNTY, 59.95, 3000mm
49959, BOWER, 89.95, 1400mm
49960, BRADY, 79.95, 1400mm
49961, BRIANNA, 79.95, 1370mm
49962, BRIGHT, 59.95, 1370mm
49963, BRISTOL, 79.95, 1420mm
49964, BRIXHAM, 89.95, 1400mm
49965, BROADWATER, 69.95, 1430mm
49966, BROMLEY, 59.95, 1500mm
49967, BRONX, 79.95, 1400mm
49968, BRUNSWICK, 69.95, 1430mm
49969, BURANO, 69.95, 3150mm
49970, BURLEIGH, 69.95, 1400mm
49971, BUXTON, 59.95, 1500mm
49972, BYRON, 69.95, 1420mm
49973, CADELL, 79.95, 1400mm
49974, CAITLIN, 49.95, 1400mm
49975, CALVERTON, 79.95, 1400mm
49976, CAMBERWELL, 59.95, 1420mm
49977, CAMIRA, 79.95, 1370mm
49978, CAMOUFLAGE, 79.95, 1370mm
49979, CANDYCANE, 89.95, 1370mm
49980, CANOPY, 79.95, 1370mm
49981, CANYON, 69.95, 1400mm
49982, CAPRI, 49.95, 1400mm
49983, CARGO, 49.95, 1480mm
49984, CARMELLA, 79.95, 1450mm
49985, CARMEN, 89.95, 2900mm
49986, CARTELLA, 79.95, 1370mm
49987, CARTER, 49.95, 1400mm
49988, CASSANDRA, 79.95, 1370mm
49989, CATALINA, 69.95, 1450mm
49990, CECILE, 79.95, 1370mm
49991, CEDRIC, 59.95, 1400mm
49992, CERI, 79.95, 1400mm
49993, CEZAR, 79.95, 1400mm
49994, CHALLINGFORD, 59.95, 1500mm
49995, CHAMBRAY, 59.95, 1380mm
49996, CHARVILLE, 79.95, 1370mm
49997, CHATEAU, 59.95, 1400mm
49998, CHAUMONT, 79.95, 1380mm
49999, CHESHIRE, 89.95, 1400mm
50000, CHILTERN, 49.95, 1370mm
50001, CHIOS, 49.95, 3000mm
50002, CHIRPY-CHATS, 79.95, 1370mm
50003, CHRISTO, 69.95, 1350mm
50004, CIRCLES, 79.95, 1370mm
50005, CLARA, 79.95, 1450mm
50006, CLARENCE, 59.95, 1400mm
50007, CLARISSA, 59.95, 1450mm
50008, CLARKESVILLE, 69.95, 1370mm
50009, CLAUDETTE, 59.95, 3200mm
50010, CLEVELAND, 69.95, 1370mm
50011, CLIQUE, 59.95, 1380mm
50012, COLORADO, 69.95, 1370mm
50013, COLUMBUS, 69.95, 1370mm
50014, COMPASS, 59.95, 3000mm
50015, CONDO, 59.95, 1450mm
50016, CORALIE, 89.95, 1450mm
50017, COREY, 59.95, 1400mm
50018, CORFU, 49.95, 3000mm
50019, CORTINO, 49.95, 1400mm
50020, CORVUS, 69.95, 1400mm
50021, COSTA, 79.95, 1400mm
50022, COSTELLO, 69.95, 1350mm
50023, COWGRAIN, 59.95, 1400mm
50024, CRETE, 79.95, 3000mm
50025, DAISY-POP, 69.95, 1370mm
50026, DANDELION, 69.95, 1370mm
50027, DARIO, 39.95, 3200mm
50028, DAYBREAK, 89.95, 1370mm
50029, DELLA, 69.95, 1430mm
50030, DENNIS, 59.95, 1400mm
50031, DENVER, 69.95, 1370mm
50032, DITA, 69.95, 1370mm
50033, DOLCE, 79.95, 1430mm
50034, DONOVAN, 69.95, 1290mm
50035, DOTTY, 69.95, 1370mm
50036, DRIVE, 69.95, 1370mm
50037, DUNARD, 89.95, 1400mm
50038, DUNE, 79.95, 2800mm
50039, DYLAN, 69.95, 1350mm
50040, EASTBOURNE, 59.95, 1370mm
50041, EASTPORT, 79.95, 1400mm
50042, ECLIPSE, 39.95, 1420mm
50043, EDEN, 69.95, 1400mm
50044, EDITH, 89.95, 3200mm
50045, ELIAN, 69.95, 3000mm
50046, ELVIS, 69.95, 1350mm
50047, EROS, 59.95, 3000mm
50048, ESPERANCE, 59.95, 1370mm
50049, ESSENCE, 69.95, 1360mm
50050, ESTHER, 79.95, 3200mm
50051, ETTA, 59.95, 3050mm
50052, ETTIENNE, 79.95, 1370mm
50053, EVELYN, 89.95, 1400mm
50054, EVEREST, 39.95, 1400mm
50055, FAITH, 59.95, 1450mm
50056, FALLON, 69.95, 1350mm
50057, FARGO, 69.95, 1370mm
50058, FARMLAND, 79.95, 1370mm
50059, FENDER, 89.95, 1370mm
50060, FILIPA, 89.95, 1450mm
50061, FINSBURY, 49.95, 1400mm
50062, FITZGERALD, 39.95, 1450mm
50063, FITZROY, 89.95, 1370mm
50064, FLOWERBOMB, 79.95, 1350mm
50065, FLOYD, 69.95, 1350mm
50066, FLUTTER, 69.95, 1370mm
50067, FLY-AWAY-BIRDIE, 79.95, 1370mm
50068, FLYNN, 59.95, 1370mm
50069, FREEDMAN, 79.95, 1400mm
50070, FRIDA, 69.95, 1370mm
50071, FULLERTON, 69.95, 1370mm
50072, GAYA, 59.95, 1400mm
50073, GENOA, 39.95, 3200mm
50074, GEORGINA, 79.95, 1400mm
50075, GERSCHWIN, 79.95, 1400mm
50076, GIBBS, 89.95, 1450mm
50077, GILI, 59.95, 1450mm
50078, GINZA, 79.95, 1370mm
50079, GISELLE, 79.95, 1400mm
50080, GLOBAL-SOFT, 49.95, 1470mm
50081, GLOBAL-SUEDE, 49.95, 1480mm
50082, GOSFORD, 79.95, 1450mm
50083, GRACIA, 69.95, 1380mm
50084, GRASMERE, 89.95, 1400mm
50085, GRETA, 69.95, 1370mm
50086, GROVE, 69.95, 2800mm
50087, HACKNEY, 79.95, 1500mm
50088, HACKWELL, 79.95, 1400mm
50089, HAKUNA-MATATA, 79.95, 1370mm
50090, HAMMERSMITH, 79.95, 1500mm
50091, HAMPSTEAD, 79.95, 1500mm
50092, HARDING, 79.95, 1400mm
50093, HARPER, 39.95, 1450mm
50094, HARROGATE, 59.95, 1370mm
50095, HARROW, 79.95, 1450mm
50096, HARVEST, 49.95, 1480mm
50097, HATTIE, 79.95, 1370mm
50098, HAWAII, 69.95, 1370mm
50099, HEDRON, 59.95, 1400mm
50100, HEIDI, 79.95, 1340mm
50101, HELIX, 89.95, 3000mm
50102, HELSINKI, 39.95, 1420mm
50103, HENDRIX, 69.95, 1350mm
50104, HEPBURN, 89.95, 1430mm
50105, HERA, 69.95, 3200mm
50106, HEYGATE, 89.95, 1370mm
50107, HIBIKI, 79.95, 1400mm
50108, HINTERLAND, 89.95, 1430mm
50109, HOCKNEY, 69.95, 1350mm
50110, HONOLULU, 69.95, 1370mm
50111, HOUSTON, 69.95, 1370mm
50112, HOXTON, 79.95, 1500mm
50113, HUDSON, 79.95, 1400mm
50114, HYBRID, 49.95, 3000mm
50115, HYMN, 59.95, 3000mm
50116, ICON, 69.95, 3000mm
50117, IMPERIAL, 49.95, 1450mm
50118, INDIANA, 69.95, 1370mm
50119, INGRID, 69.95, 1400mm
50120, IPANEMA, 79.95, 1400mm
50121, ISLINGTON, 69.95, 1450mm
50122, IVETTE, 59.95, 1380mm
50123, JACKSONVILLE, 69.95, 1370mm
50124, JADIRA, 39.95, 3200mm
50125, JAIPUR, 89.95, 1380mm
50126, JALI, 89.95, 3000mm
50127, JANCO, 49.95, 1500mm
50128, JARVIS, 49.95, 1430mm
50129, JENGA, 59.95, 1370mm
50130, JIGSAW, 59.95, 1370mm
50131, JULIET, 79.95, 1370mm
50132, JUNO, 59.95, 3150mm
50133, KANE, 39.95, 1440mm
50134, KANSAS, 69.95, 1370mm
50135, KASOS, 49.95, 3000mm
50136, KATHERINE, 59.95, 1370mm
50137, KEEPSAKE, 79.95, 1370mm
50138, KELMSCOTT, 89.95, 1370mm
50139, KENDI, 69.95, 1400mm
50140, KENNEDY, 49.95, 1400mm
50141, KENNETT, 89.95, 1370mm
50142, KENSINGTON, 69.95, 1450mm
50143, KEYWEST, 79.95, 1380mm
50144, KIAMA, 49.95, 1370mm
50145, KINDRED, 49.95, 1400mm
50146, KINGSTON, 49.95, 1400mm
50147, KNOXVILLE, 69.95, 1370mm
50148, KOKOMO, 49.95, 1400mm
50149, KYLIE, 49.95, 1370mm
50150, LANAI, 69.95, 1370mm
50151, LAVISH, 69.95, 3000mm
50152, LAZARE, 79.95, 1370mm
50153, LEEDERVILLE, 59.95, 1370mm
50154, LEGER, 49.95, 1500mm
50155, LENNON, 69.95, 1430mm
50156, LENORA, 79.95, 1370mm
50157, LEWIS, 89.95, 1400mm
50158, LEXUS, 49.95, 1380mm
50159, LIAM, 59.95, 1400mm
50160, LIDA, 69.95, 1370mm
50161, LIMOGES, 69.95, 1370mm
50162, LINCOLN, 49.95, 1400mm
50163, LINDEMAN, 49.95, 1400mm
50164, LLOYD, 89.95, 1370mm
50165, LORNE, 69.95, 1400mm
50166, LOTTIE, 89.95, 1420mm
50167, LOUNGER, 69.95, 1370mm
50168, LOVINA, 49.95, 1500mm
50169, LOWELL, 69.95, 1370mm
50170, LUCILLA, 79.95, 1450mm
50171, LUDO, 59.95, 1370mm
50172, LUNA, 59.95, 3000mm
50173, LUSTRELL ALLURE, 59.95, 1370mm
50174, LUSTRELL BRUSHSTROKE, 69.95, 1380mm
50175, LUSTRELL CANVAS, 69.95, 1400mm
50176, LUSTRELL DELUXE, 59.95, 1370mm
50177, LUSTRELL GRID, 69.95, 1380mm
50178, LUSTRELL HATCH, 69.95, 1380mm
50179, LUSTRELL RANGER, 69.95, 1370mm
50180, LUSTRELL SHELLAC, 69.95, 1400mm
50181, LUSTRELL STAMP, 69.95, 1400mm
50182, LUSTRELL TWILL, 69.95, 1380mm
50183, LUSTRELL VINTAGE, 89.95, 1370mm
50184, LUSTRELL WICKER, 69.95, 1380mm
50185, LUTHER, 69.95, 2800mm
50186, LUXEMBOURG, 69.95, 1370mm
50187, MACROMARINE-HG, 89.95, 1520mm
50188, MACROSUEDE-HG, 89.95, 1500mm
50189, MAGDALENA, 79.95, 1400mm
50190, MAGMA, 59.95, 1400mm
50191, MAHARAJA, 89.95, 1380mm
50192, MALA, 89.95, 1380mm
50193, MALABAR, 79.95, 1400mm
50194, MALTA, 59.95, 3000mm
50195, MANDALAY, 89.95, 1380mm
50196, MARCUS, 79.95, 1420mm
50197, MARLEY, 39.95, 2950mm
50198, MARTEL, 89.95, 1400mm
50199, MASON, 49.95, 1420mm
50200, MATRIX, 49.95, 1400mm
50201, MAYFAIR, 79.95, 1450mm
50202, MEDILLIN, 69.95, 1400mm
50203, MEDUSA, 89.95, 1370mm
50204, MEHDI, 89.95, 1400mm
50205, MELBA, 89.95, 1370mm
50206, MENDOZA, 69.95, 1450mm
50207, MERIDIAN, 69.95, 2800mm
50208, MERMAID, 69.95, 1370mm
50209, MILANO, 59.95, 1450mm
50210, MILDURA, 59.95, 1370mm
50211, MILFORD, 69.95, 1400mm
50212, MILKY-WAY, 89.95, 1500mm
50213, MINDILL, 69.95, 1500mm
50214, MOJAVE, 79.95, 1370mm
50215, MOMBASA, 79.95, 1400mm
50216, MONACO, 69.95, 1370mm
50217, MONTANA, 69.95, 1370mm
50218, MONTAUK, 79.95, 1400mm
50219, MONTENEGRO, 49.95, 3200mm
50220, MONTPELLIER, 69.95, 3000mm
50221, MOOMBA, 89.95, 1500mm
50222, MUNICH, 59.95, 1420mm
50223, MYSTERE, 59.95, 1370mm
50224, MYTHOS, 49.95, 3000mm
50225, NAHID, 89.95, 1400mm
50226, NALLA, 79.95, 1370mm
50227, NANTUCKET, 79.95, 1400mm
50228, NAOMI, 69.95, 1370mm
50229, NASHVILLE, 69.95, 1370mm
50230, NAZIM, 49.95, 1500mm
50231, NELSON, 59.95, 1400mm
50232, NEWPORT, 69.95, 3000mm
50233, NISHI, 89.95, 1380mm
50234, NIXON, 59.95, 1400mm
50235, NOBU, 79.95, 1400mm
50236, NOELLE, 69.95, 1370mm
50237, NOLAN, 59.95, 1370mm
50238, ODEN, 39.95, 1400mm
50239, ODETTA, 69.95, 1430mm
50240, OLIVIA, 59.95, 1380mm
50241, OLLEY, 59.95, 1370mm
50242, OMAR, 59.95, 1400mm
50243, OMNI, 49.95, 1420mm
50244, OPTIMA, 49.95, 1450mm
50245, OPUS, 69.95, 1400mm
50246, ORBIT, 79.95, 3000mm
50247, ORIANA, 89.95, 2900mm
50248, ORLEANS, 69.95, 1400mm
50249, ORRISON, 39.95, 1450mm
50250, ORTEGA, 79.95, 1400mm
50251, OTWAY, 69.95, 1430mm
50252, OZARK, 89.95, 1400mm
50253, PALERMO, 69.95, 3200mm
50254, PANDA, 69.95, 1370mm
50255, PARADE, 59.95, 1400mm
50256, PARKS, 89.95, 1420mm
50257, PARKVILLE, 59.95, 1420mm
50258, PAROS, 59.95, 3000mm
50259, PARTY-ANIMALS, 79.95, 1350mm
50260, PAVIA, 49.95, 1400mm
50261, PEMBURY, 69.95, 1370mm
50262, PENELOPE, 69.95, 1390mm
50263, PHOEBE, 69.95, 1380mm
50264, PHOENIX, 59.95, 3100mm
50265, PINNACLE, 59.95, 3000mm
50266, PIPER, 49.95, 1400mm
50267, PLINTH, 89.95, 1400mm
50268, POLARIS, 69.95, 1400mm
50269, POODLE, 79.95, 1370mm
50270, POPPY-POD, 69.95, 1370mm
50271, PRAGUE, 49.95, 1400mm
50272, PRANA, 59.95, 1400mm
50273, PRESLEY, 69.95, 1430mm
50274, PRESTON, 59.95, 1370mm
50275, PREZNA, 89.95, 2900mm
50276, PROPHET, 69.95, 1450mm
50277, PUSHKA, 39.95, 1420mm
50278, QUILL, 89.95, 1370mm
50279, RALLY, 49.95, 1370mm
50280, RAPTURE, 69.95, 1370mm
50281, RASHMI, 89.95, 1380mm
50282, RATHLIN, 89.95, 1400mm
50283, RAVE, 49.95, 1400mm
50284, REGIS, 49.95, 1400mm
50285, REMY, 79.95, 1380mm
50286, RHEA, 59.95, 1400mm
50287, RIPLEY, 69.95, 1370mm
50288, RIPPONLEA, 59.95, 1420mm
50289, RITZ, 59.95, 1400mm
50290, RIVOLI, 59.95, 1370mm
50291, ROBYN, 49.95, 1370mm
50292, ROMANO, 79.95, 1400mm
50293, ROSALIE, 79.95, 1370mm
50294, ROSEBAY, 49.95, 1370mm
50295, ROSEDALE, 59.95, 1400mm
50296, ROVER, 39.95, 1400mm
50297, SABA, 39.95, 1450mm
50298, SADIE, 79.95, 1450mm
50299, SARAFINA, 79.95, 1370mm
50300, SARDINIA, 59.95, 3200mm
50301, SARI, 49.95, 1380mm
50302, SATELLITE, 79.95, 3000mm
50303, SAVANNAH, 69.95, 1370mm
50304, SAXON, 59.95, 1400mm
50305, SCARBOROUGH, 79.95, 3000mm
50306, SCATTER, 79.95, 2800mm
50307, SEMINYAK, 49.95, 1400mm
50308, SEVILLA, 69.95, 1450mm
50309, SEYCHELLES, 69.95, 1500mm
50310, SHANARA-LEAF, 49.95, 1370mm
50311, SHERWOOD, 49.95, 1400mm
50312, SHUFFLE, 69.95, 2800mm
50313, SICILY, 49.95, 3200mm
50314, SIGMA, 59.95, 1400mm
50315, SILHOUETTES, 79.95, 1370mm
50316, SIMBRA, 69.95, 1400mm
50317, SIMONA, 59.95, 1400mm
50318, SNAPPY, 69.95, 1370mm
50319, SOLO, 49.95, 1400mm
50320, SOLSTICE, 69.95, 2800mm
50321, SOMERVILLE, 89.95, 1420mm
50322, SOUTHAMPTON, 79.95, 1400mm
50323, STAMFORD, 69.95, 1370mm
50324, STRASBOURG, 79.95, 1380mm
50325, STRATFORD, 49.95, 1400mm
50326, SUMMERTIME, 49.95, 1400mm
50327, SUMMIT, 39.95, 1400mm
50328, SURREY, 79.95, 1400mm
50329, TAHITI, 79.95, 3000mm
50330, TALBOT, 49.95, 1400mm
50331, TALIA, 89.95, 3100mm
50332, TALLINN, 69.95, 1370mm
50333, TAMIKA, 89.95, 1370mm
50334, TANGENT, 39.95, 1400mm
50335, TANZANIA, 79.95, 1370mm
50336, TAREN, 59.95, 1370mm
50337, TATE, 49.95, 1420mm
50338, TAVI, 49.95, 1500mm
50339, TEMPEST, 59.95, 1400mm
50340, THERON, 59.95, 3200mm
50341, THETA, 59.95, 1400mm
50342, THORNBURY, 69.95, 1400mm
50343, TIJUANA, 79.95, 1370mm
50344, TILBA, 59.95, 1370mm
50345, TOINETTE, 79.95, 1370mm
50346, TORUS, 59.95, 1400mm
50347, TOSCANO, 79.95, 1400mm
50348, TRACKS, 89.95, 1400mm
50349, TRANSIT, 89.95, 1400mm
50350, TRAVIS, 49.95, 1400mm
50351, TROPICAL-DELIGHT, 79.95, 1370mm
50352, TROPICANA, 69.95, 1390mm
50353, TRUMAN, 59.95, 1400mm
50354, TUCKER, 59.95, 1400mm
50355, TUDOR, 59.95, 1450mm
50356, TUILERIES, 69.95, 1400mm
50357, TURNER, 59.95, 1400mm
50358, TUSSAH, 49.95, 1550mm
50359, TWINKLE, 69.95, 1370mm
50360, TWISTER, 59.95, 1370mm
50361, TYNING, 49.95, 1400mm
50362, TYPHOON, 89.95, 2900mm
50363, TYSON, 49.95, 1400mm
50364, UTOPIA, 49.95, 1400mm
50365, VANISH, 79.95, 1400mm
50366, VANUATU, 89.95, 3000mm
50367, VEGAS, 39.95, 1450mm
50368, VERONA, 79.95, 1370mm
50369, VIBE, 39.95, 1430mm
50370, VICTORY, 89.95, 1400mm
50371, VIRON, 49.95, 1400mm
50372, VITANI, 79.95, 1420mm
50373, WAIKIKI, 69.95, 1500mm
50374, WAIMALU, 69.95, 1370mm
50375, WALTER, 59.95, 1400mm
50376, WATFORD, 79.95, 1400mm
50377, WELLAND, 69.95, 1370mm
50378, WHITBY, 79.95, 1400mm
50379, WILDE, 39.95, 1450mm
50380, WINCHESTER, 79.95, 1400mm
50381, WINSLOW, 59.95, 1370mm
50382, YOKO, 69.95, 1430mm
50383, YOSHI, 79.95, 1400mm
50384, ZAG-ZIG, 69.95, 1370mm
50385, ZAMBIA, 79.95, 1370mm
50386, ZANDER, 59.95, 1420mm
50387, ZANTE, 49.95, 1400mm
50388, ZEBRA, 59.95, 1380mm
50389, ZEPHYR, 69.95, 3000mm
50390, ZEPPELIN, 69.95, 1430mm
50391, ZERO, 69.95, 1400mm
50392, ZIANI, 49.95, 1400mm
50393, ZIMBABWE, 79.95, 1370mm
50394, ZION, 79.95, 1400mm
50395, ZIRA, 79.95, 1370mm
50630, PARISSI, 89.95, 1400mm
51792, CASEY, 39.95, 1420mm
51795, PELLE, 49.95, 1400mm
51817, ECHUCA, 49.95, 1370mm
51818, JINDABYNE, 49.95, 1370mm
51819, KARUMBA, 49.95, 1370mm
51820, NORFOLK, 49.95, 1370mm
51821, SWANSEA, 49.95, 1370mm
52030, BARSHI, 89.95, 1400mm
52031, COPELAND, 49.95, 1400mm
52032, QUILTED-BENITO, 69.95, 1350mm
52044, AJARA, 69.95, 1370mm
52045, AKOLA, 89.95, 1400mm
52046, AMBOLI, 89.95, 1400mm
52047, CHIRALA, 89.95, 1400mm
52048, KASHID, 89.95, 1400mm
52049, KITTUR, 69.95, 1370mm
52050, KOPPAL, 69.95, 1370mm
52051, KOTHARI, 89.95, 1400mm
52052, LAWAKI, 69.95, 1370mm
52053, YAMBA, 69.95, 1370mm
52392, ALTAMIRA, 79.95, 1400mm
52393, COROZAL, 79.95, 1500mm
52394, HIDALGO, 79.95, 1500mm
52395, LORETO, 79.95, 1400mm
52396, MYKANOS, 69.95, 1500mm
52397, PALAWAN, 79.95, 1400mm
52398, PALO, 79.95, 1500mm
52399, POLARMAR, 79.95, 1400mm
52400, SENADA, 79.95, 1400mm
52401, SOSA, 79.95, 1500mm
52413, SILAS, 79.95, 1420mm
52414, ATREIA, 79.95, 1420mm
52415, GRAYSON, 79.95, 1420mm
52416, COLT, 79.95, 1420mm
52417, ENZO, 79.95, 1420mm
52418, EASTON, 79.95, 1420mm
52419, XENON, 79.95, 1420mm
52420, FLORIAN, 79.95, 1420mm
52421, MABEL, 69.95, 1420mm
52422, MACAULAY, 69.95, 1420mm
52423, MIRREN, 69.95, 1420mm
52424, MACKENZIE, 69.95, 1420mm
52425, EAMES, 49.95, 1420mm
52426, HOLBROOK, 109, 1400mm
52427, BOWMAN, 109, 1400mm
52428, LAWRENCE, 109, 1400mm
52429, BRANDO, 109, 1400mm
52430, FRASIER, 109, 1400mm
52431, HAWTHORN, 39.95, 1440mm
52432, BINGLE, 39.95, 1450mm